room,student_group,student_group_id,div,subject,teacher,day,day_of_week,lesson_date,start_time,num_pair,lesson_id,room_id,auditory_id,time_slot_id,schedule_id,teacher_id,is_lection,text
1010_ПУМБ Classroom [32],ПНС,1247,6,Психіка і нервова система,Чернінський Андрій,THURSDAY,4,2023-12-15,11:30:00,3,0,7,1010,20,0,4059,1,"Психіка і нервова система
ПНС
Чернінський Андрій
[0]"
1007_Genesis Enterpreneurship Classroom [40],ПНС,1247,6,Психіка і нервова система,Чернінський Андрій,THURSDAY,4,2023-12-15,13:30:00,4,1,5,1007,21,1,4059,1,"Психіка і нервова система
ПНС
Чернінський Андрій
[1]"
1010_ПУМБ Classroom [32],ПНС,1247,6,Психіка і нервова система,Чернінський Андрій,FRIDAY,5,2023-12-16,13:30:00,4,2,7,1010,27,2,4059,0,"Психіка і нервова система
ПНС
Чернінський Андрій
[2]"
1005_Genesis Growth Classroom [34],ВППЕ,1246,6,Вступ до психології та професійна етика,Ляшенко Олексій,FRIDAY,5,2023-12-16,08:30:00,1,3,4,1005,24,3,5056,1,"Вступ до психології та професійна етика
ВППЕ
Ляшенко Олексій
[3]"
1003_TA Ventures Classroom [148],ВППЕ,1246,6,Вступ до психології та професійна етика,Ляшенко Олексій,FRIDAY,5,2023-12-16,10:00:00,2,4,2,1003,25,4,5056,1,"Вступ до психології та професійна етика
ВППЕ
Ляшенко Олексій
[4]"
1002_ASTEM FOUNDATION Classroom [70],ВППЕ,1246,6,Вступ до психології та професійна етика,Ляшенко Олексій,THURSDAY,4,2023-12-15,10:00:00,2,5,0,1002,19,5,5056,0,"Вступ до психології та професійна етика
ВППЕ
Ляшенко Олексій
[5]"
1009_ARZINGER Classroom [34],ЕПП,1249,6,Етика в правничій професії,Грищенко Катерина,TUESDAY,2,2023-12-13,10:00:00,2,6,6,1009,7,6,5053,1,"Етика в правничій професії
ЕПП
Грищенко Катерина
[6]"
1009_ARZINGER Classroom [34],ЕПП,1249,6,Етика в правничій професії,Грищенко Катерина,THURSDAY,4,2023-12-15,10:00:00,2,7,6,1009,19,7,5053,1,"Етика в правничій професії
ЕПП
Грищенко Катерина
[7]"
1005_Genesis Growth Classroom [34],ЕПП,1249,6,Етика в правничій професії,Грищенко Катерина,FRIDAY,5,2023-12-16,10:00:00,2,8,4,1005,25,8,5053,0,"Етика в правничій професії
ЕПП
Грищенко Катерина
[8]"
1002_ASTEM FOUNDATION Classroom [70],ЕПП,1249,6,Етика в правничій професії,Грищенко Катерина,MONDAY,1,2023-12-12,11:30:00,3,9,0,1002,2,9,5053,0,"Етика в правничій професії
ЕПП
Грищенко Катерина
[9]"
1002_ASTEM FOUNDATION Classroom [70],А (П) 3,1225,6,Англійська для навчання та роботи 1,Князь Ганна,TUESDAY,2,2023-12-13,13:30:00,4,10,0,1002,9,10,5048,0,"Англійська для навчання та роботи 1
А (П) 3
Князь Ганна
[10]"
1025_ASTEM FOUNDATION Classroom [38],А (П) 3,1225,6,Англійська для навчання та роботи 1,Князь Ганна,TUESDAY,2,2023-12-13,11:30:00,3,11,1,1025,8,11,5048,0,"Англійська для навчання та роботи 1
А (П) 3
Князь Ганна
[11]"
1002_ASTEM FOUNDATION Classroom [70],А (П) 3,1225,6,Англійська для навчання та роботи 1,Князь Ганна,TUESDAY,2,2023-12-13,16:30:00,6,12,0,1002,11,12,5048,0,"Англійська для навчання та роботи 1
А (П) 3
Князь Ганна
[12]"
1007_Genesis Enterpreneurship Classroom [40],А (П) 4,1226,6,Англійська для навчання та роботи 1,Князь Ганна,WEDNESDAY,3,2023-12-14,15:00:00,5,13,5,1007,16,13,5048,0,"Англійська для навчання та роботи 1
А (П) 4
Князь Ганна
[13]"
1010_ПУМБ Classroom [32],А (П) 4,1226,6,Англійська для навчання та роботи 1,Князь Ганна,FRIDAY,5,2023-12-16,11:30:00,3,14,7,1010,26,14,5048,0,"Англійська для навчання та роботи 1
А (П) 4
Князь Ганна
[14]"
1010_ПУМБ Classroom [32],А (П) 4,1226,6,Англійська для навчання та роботи 1,Князь Ганна,MONDAY,1,2023-12-12,08:30:00,1,15,7,1010,0,15,5048,0,"Англійська для навчання та роботи 1
А (П) 4
Князь Ганна
[15]"
1005_Genesis Growth Classroom [34],А (П) 2,1224,6,Англійська для навчання та роботи 1,Князь Ганна,MONDAY,1,2023-12-12,15:00:00,5,16,4,1005,4,16,5048,0,"Англійська для навчання та роботи 1
А (П) 2
Князь Ганна
[16]"
1010_ПУМБ Classroom [32],А (П) 2,1224,6,Англійська для навчання та роботи 1,Князь Ганна,FRIDAY,5,2023-12-16,15:00:00,5,17,7,1010,28,17,5048,0,"Англійська для навчання та роботи 1
А (П) 2
Князь Ганна
[17]"
1030_Roy Gartner Memorial classroom [40],А (П) 2,1224,6,Англійська для навчання та роботи 1,Князь Ганна,THURSDAY,4,2023-12-15,08:30:00,1,18,3,1030,18,18,5048,0,"Англійська для навчання та роботи 1
А (П) 2
Князь Ганна
[18]"
1003_TA Ventures Classroom [148],ІУ (Л) 1,1233,6,Сучасна історія України,Стадний Єгор,FRIDAY,5,2023-12-16,08:30:00,1,19,2,1003,24,19,3434,1,"Сучасна історія України
ІУ (Л) 1
Стадний Єгор
[19]"
1003_TA Ventures Classroom [148],ІУ (Л) 1,1233,6,Сучасна історія України,Стадний Єгор,MONDAY,1,2023-12-12,10:00:00,2,20,2,1003,1,20,3434,1,"Сучасна історія України
ІУ (Л) 1
Стадний Єгор
[20]"
1003_TA Ventures Classroom [148],ІУ (Л) 2,1234,6,Сучасна історія України,Стадний Єгор,MONDAY,1,2023-12-12,13:30:00,4,21,2,1003,3,21,3434,1,"Сучасна історія України
ІУ (Л) 2
Стадний Єгор
[21]"
1003_TA Ventures Classroom [148],ІУ (Л) 2,1234,6,Сучасна історія України,Стадний Єгор,FRIDAY,5,2023-12-16,15:00:00,5,22,2,1003,28,22,3434,1,"Сучасна історія України
ІУ (Л) 2
Стадний Єгор
[22]"
1009_ARZINGER Classroom [34],ІУ (П) 1,1237,6,Сучасна історія України,Довгань Світлана,MONDAY,1,2023-12-12,16:30:00,6,23,6,1009,5,23,5142,0,"Сучасна історія України
ІУ (П) 1
Довгань Світлана
[23]"
1025_ASTEM FOUNDATION Classroom [38],ІУ (П) 2,1238,6,Сучасна історія України,Стадний Єгор,FRIDAY,5,2023-12-16,13:30:00,4,24,1,1025,27,24,3434,0,"Сучасна історія України
ІУ (П) 2
Стадний Єгор
[24]"
1007_Genesis Enterpreneurship Classroom [40],ІУ (П) 3,1239,6,Сучасна історія України,Довгань Світлана,MONDAY,1,2023-12-12,15:00:00,5,25,5,1007,4,25,5142,0,"Сучасна історія України
ІУ (П) 3
Довгань Світлана
[25]"
1005_Genesis Growth Classroom [34],ІУ (П) 4,1240,6,Сучасна історія України,Красінько Ольга,FRIDAY,5,2023-12-16,13:30:00,4,26,4,1005,27,26,5144,0,"Сучасна історія України
ІУ (П) 4
Красінько Ольга
[26]"
1009_ARZINGER Classroom [34],ІУ (П) 6,1242,6,Сучасна історія України,Красінько Ольга,THURSDAY,4,2023-12-15,15:00:00,5,27,6,1009,22,27,5144,0,"Сучасна історія України
ІУ (П) 6
Красінько Ольга
[27]"
1002_ASTEM FOUNDATION Classroom [70],ІУ (П) 7,1243,6,Сучасна історія України,Куделя Володимир,FRIDAY,5,2023-12-16,13:30:00,4,28,0,1002,27,28,5145,0,"Сучасна історія України
ІУ (П) 7
Куделя Володимир
[28]"
1030_Roy Gartner Memorial classroom [40],ІУ (П) 8,1244,6,Сучасна історія України,Куделя Володимир,MONDAY,1,2023-12-12,10:00:00,2,29,3,1030,1,29,5145,0,"Сучасна історія України
ІУ (П) 8
Куделя Володимир
[29]"
1025_ASTEM FOUNDATION Classroom [38],ІУ (П) 9,1245,6,Сучасна історія України,Стадний Єгор,THURSDAY,4,2023-12-15,15:00:00,5,30,1,1025,22,30,3434,0,"Сучасна історія України
ІУ (П) 9
Стадний Єгор
[30]"
1003_TA Ventures Classroom [148],КШЕ 2,1187,6,Як навчатися в КШЕ,Шевченко Георгій,TUESDAY,2,2023-12-13,15:00:00,5,31,2,1003,10,31,2498,1,"Як навчатися в КШЕ
КШЕ 2
Шевченко Георгій
[31]"
1010_ПУМБ Classroom [32],КШЕ 3.1,1297,6,Як навчатися в КШЕ,Палій Валерія,TUESDAY,2,2023-12-13,08:30:00,1,32,7,1010,6,32,1,1,"Як навчатися в КШЕ
КШЕ 3.1
Палій Валерія
[32]"
1030_Roy Gartner Memorial classroom [40],КШЕ 3.2,1298,6,Як навчатися в КШЕ,Берко Степан,MONDAY,1,2023-12-12,16:30:00,6,33,3,1030,5,33,4671,1,"Як навчатися в КШЕ
КШЕ 3.2
Берко Степан
[33]"
1030_Roy Gartner Memorial classroom [40],А (Е) 9,1219,6,Англійська для навчання та роботи 1,Питель Дар`я,TUESDAY,2,2023-12-13,13:30:00,4,35,3,1030,9,34,5049,0,"Англійська для навчання та роботи 1
А (Е) 9
Питель Дар`я
[34]"
1002_ASTEM FOUNDATION Classroom [70],А (Е) 9,1219,6,Англійська для навчання та роботи 1,Питель Дар`я,THURSDAY,4,2023-12-15,11:30:00,3,36,0,1002,20,35,5049,0,"Англійська для навчання та роботи 1
А (Е) 9
Питель Дар`я
[35]"
1009_ARZINGER Classroom [34],А (Е) 10,1220,6,Англійська для навчання та роботи 1,Питель Дар`я,WEDNESDAY,3,2023-12-14,10:00:00,2,37,6,1009,13,36,5049,0,"Англійська для навчання та роботи 1
А (Е) 10
Питель Дар`я
[36]"
1010_ПУМБ Classroom [32],А (Е) 10,1220,6,Англійська для навчання та роботи 1,Питель Дар`я,THURSDAY,4,2023-12-15,08:30:00,1,38,7,1010,18,37,5049,0,"Англійська для навчання та роботи 1
А (Е) 10
Питель Дар`я
[37]"
1005_Genesis Growth Classroom [34],А (Е) 11,1221,6,Англійська для навчання та роботи 1,Питель Дар`я,FRIDAY,5,2023-12-16,16:30:00,6,39,4,1005,29,38,5049,0,"Англійська для навчання та роботи 1
А (Е) 11
Питель Дар`я
[38]"
1005_Genesis Growth Classroom [34],А (Е) 11,1221,6,Англійська для навчання та роботи 1,Питель Дар`я,WEDNESDAY,3,2023-12-14,13:30:00,4,40,4,1005,15,39,5049,0,"Англійська для навчання та роботи 1
А (Е) 11
Питель Дар`я
[39]"
1003_TA Ventures Classroom [148],А (Е) 12,1222,6,Англійська для навчання та роботи 1,Питель Дар`я,MONDAY,1,2023-12-12,11:30:00,3,41,2,1003,2,40,5049,0,"Англійська для навчання та роботи 1
А (Е) 12
Питель Дар`я
[40]"
1009_ARZINGER Classroom [34],А (Е) 12,1222,6,Англійська для навчання та роботи 1,Питель Дар`я,WEDNESDAY,3,2023-12-14,08:30:00,1,42,6,1009,12,41,5049,0,"Англійська для навчання та роботи 1
А (Е) 12
Питель Дар`я
[41]"
1007_Genesis Enterpreneurship Classroom [40],А (Е) 2,1212,6,Англійська для навчання та роботи 1,Фролова Діана,WEDNESDAY,3,2023-12-14,10:00:00,2,43,5,1007,13,42,3739,0,"Англійська для навчання та роботи 1
А (Е) 2
Фролова Діана
[42]"
1010_ПУМБ Classroom [32],А (Е) 2,1212,6,Англійська для навчання та роботи 1,Фролова Діана,MONDAY,1,2023-12-12,13:30:00,4,44,7,1010,3,43,3739,0,"Англійська для навчання та роботи 1
А (Е) 2
Фролова Діана
[43]"
1025_ASTEM FOUNDATION Classroom [38],А (Е) 3,1213,6,Англійська для навчання та роботи 1,Фролова Діана,WEDNESDAY,3,2023-12-14,08:30:00,1,45,1,1025,12,44,3739,0,"Англійська для навчання та роботи 1
А (Е) 3
Фролова Діана
[44]"
1005_Genesis Growth Classroom [34],А (Е) 3,1213,6,Англійська для навчання та роботи 1,Фролова Діана,MONDAY,1,2023-12-12,08:30:00,1,46,4,1005,0,45,3739,0,"Англійська для навчання та роботи 1
А (Е) 3
Фролова Діана
[45]"
1025_ASTEM FOUNDATION Classroom [38],А (Е) 4,1214,6,Англійська для навчання та роботи 1,Фролова Діана,MONDAY,1,2023-12-12,11:30:00,3,47,1,1025,2,46,3739,0,"Англійська для навчання та роботи 1
А (Е) 4
Фролова Діана
[46]"
1009_ARZINGER Classroom [34],А (Е) 4,1214,6,Англійська для навчання та роботи 1,Фролова Діана,WEDNESDAY,3,2023-12-14,13:30:00,4,48,6,1009,15,47,3739,0,"Англійська для навчання та роботи 1
А (Е) 4
Фролова Діана
[47]"
1007_Genesis Enterpreneurship Classroom [40],А (Е) 5,1215,6,Англійська для навчання та роботи 1,Коркач Дарина,MONDAY,1,2023-12-12,13:30:00,4,49,5,1007,3,48,5047,0,"Англійська для навчання та роботи 1
А (Е) 5
Коркач Дарина
[48]"
1007_Genesis Enterpreneurship Classroom [40],А (Е) 5,1215,6,Англійська для навчання та роботи 1,Коркач Дарина,THURSDAY,4,2023-12-15,08:30:00,1,50,5,1007,18,49,5047,0,"Англійська для навчання та роботи 1
А (Е) 5
Коркач Дарина
[49]"
1009_ARZINGER Classroom [34],А (Е) 6,1216,6,Англійська для навчання та роботи 1,Коркач Дарина,MONDAY,1,2023-12-12,08:30:00,1,51,6,1009,0,50,5047,0,"Англійська для навчання та роботи 1
А (Е) 6
Коркач Дарина
[50]"
1030_Roy Gartner Memorial classroom [40],А (Е) 6,1216,6,Англійська для навчання та роботи 1,Коркач Дарина,WEDNESDAY,3,2023-12-14,10:00:00,2,52,3,1030,13,51,5047,0,"Англійська для навчання та роботи 1
А (Е) 6
Коркач Дарина
[51]"
1005_Genesis Growth Classroom [34],А (Е) 7,1217,6,Англійська для навчання та роботи 1,Коркач Дарина,WEDNESDAY,3,2023-12-14,08:30:00,1,53,4,1005,12,52,5047,0,"Англійська для навчання та роботи 1
А (Е) 7
Коркач Дарина
[52]"
1025_ASTEM FOUNDATION Classroom [38],А (Е) 7,1217,6,Англійська для навчання та роботи 1,Коркач Дарина,THURSDAY,4,2023-12-15,10:00:00,2,54,1,1025,19,53,5047,0,"Англійська для навчання та роботи 1
А (Е) 7
Коркач Дарина
[53]"
1025_ASTEM FOUNDATION Classroom [38],А (Е) 8,1218,6,Англійська для навчання та роботи 1,Коркач Дарина,THURSDAY,4,2023-12-15,16:30:00,6,55,1,1025,23,54,5047,0,"Англійська для навчання та роботи 1
А (Е) 8
Коркач Дарина
[54]"
1009_ARZINGER Classroom [34],А (Е) 8,1218,6,Англійська для навчання та роботи 1,Коркач Дарина,TUESDAY,2,2023-12-13,13:30:00,4,56,6,1009,9,55,5047,0,"Англійська для навчання та роботи 1
А (Е) 8
Коркач Дарина
[55]"
1009_ARZINGER Classroom [34],ІФП,1250,6,Історія та філософія права,Сироїд Оксана,TUESDAY,2,2023-12-13,16:30:00,6,57,6,1009,11,56,5055,1,"Історія та філософія права
ІФП
Сироїд Оксана
[56]"
1009_ARZINGER Classroom [34],ІФП,1250,6,Історія та філософія права,Сироїд Оксана,TUESDAY,2,2023-12-13,08:30:00,1,58,6,1009,6,57,5055,0,"Історія та філософія права
ІФП
Сироїд Оксана
[57]"
1009_ARZINGER Classroom [34],А (IT) 1,1202,6,Англійська для навчання та роботи 1,Скрипак Ольга,THURSDAY,4,2023-12-15,16:30:00,6,59,6,1009,23,58,5046,0,"Англійська для навчання та роботи 1
А (IT) 1
Скрипак Ольга
[58]"
1002_ASTEM FOUNDATION Classroom [70],А (IT) 1,1202,6,Англійська для навчання та роботи 1,Скрипак Ольга,FRIDAY,5,2023-12-16,15:00:00,5,60,0,1002,28,59,5046,0,"Англійська для навчання та роботи 1
А (IT) 1
Скрипак Ольга
[59]"
1003_TA Ventures Classroom [148],А (ІТ) 2,1203,6,Англійська для навчання та роботи 1,Скрипак Ольга,WEDNESDAY,3,2023-12-14,08:30:00,1,61,2,1003,12,60,5046,0,"Англійська для навчання та роботи 1
А (ІТ) 2
Скрипак Ольга
[60]"
1002_ASTEM FOUNDATION Classroom [70],А (ІТ) 2,1203,6,Англійська для навчання та роботи 1,Скрипак Ольга,MONDAY,1,2023-12-12,16:30:00,6,62,0,1002,5,61,5046,0,"Англійська для навчання та роботи 1
А (ІТ) 2
Скрипак Ольга
[61]"
1003_TA Ventures Classroom [148],А (IT) 3,1204,6,Англійська для навчання та роботи 1,Скрипак Ольга,WEDNESDAY,3,2023-12-14,10:00:00,2,63,2,1003,13,62,5046,0,"Англійська для навчання та роботи 1
А (IT) 3
Скрипак Ольга
[62]"
1010_ПУМБ Classroom [32],А (IT) 3,1204,6,Англійська для навчання та роботи 1,Скрипак Ольга,FRIDAY,5,2023-12-16,08:30:00,1,64,7,1010,24,63,5046,0,"Англійська для навчання та роботи 1
А (IT) 3
Скрипак Ольга
[63]"
1025_ASTEM FOUNDATION Classroom [38],А (ІТ) 5,1206,6,Англійська для навчання та роботи 1,Орищук Лідія,MONDAY,1,2023-12-12,15:00:00,5,65,1,1025,4,64,5050,0,"Англійська для навчання та роботи 1
А (ІТ) 5
Орищук Лідія
[64]"
1010_ПУМБ Classroom [32],А (ІТ) 5,1206,6,Англійська для навчання та роботи 1,Орищук Лідія,MONDAY,1,2023-12-12,11:30:00,3,66,7,1010,2,65,5050,0,"Англійська для навчання та роботи 1
А (ІТ) 5
Орищук Лідія
[65]"
1030_Roy Gartner Memorial classroom [40],А (IT) 6,1207,6,Англійська для навчання та роботи 1,Орищук Лідія,THURSDAY,4,2023-12-15,10:00:00,2,67,3,1030,19,66,5050,0,"Англійська для навчання та роботи 1
А (IT) 6
Орищук Лідія
[66]"
1009_ARZINGER Classroom [34],А (IT) 6,1207,6,Англійська для навчання та роботи 1,Орищук Лідія,FRIDAY,5,2023-12-16,10:00:00,2,68,6,1009,25,67,5050,0,"Англійська для навчання та роботи 1
А (IT) 6
Орищук Лідія
[67]"
1003_TA Ventures Classroom [148],А (IT) 7,1208,6,Англійська для навчання та роботи 1,Кір'якова Дар'я,TUESDAY,2,2023-12-13,16:30:00,6,69,2,1003,11,68,5051,0,"Англійська для навчання та роботи 1
А (IT) 7
Кір'якова Дар'я
[68]"
1009_ARZINGER Classroom [34],А (IT) 7,1208,6,Англійська для навчання та роботи 1,Кір'якова Дар'я,WEDNESDAY,3,2023-12-14,15:00:00,5,70,6,1009,16,69,5051,0,"Англійська для навчання та роботи 1
А (IT) 7
Кір'якова Дар'я
[69]"
1005_Genesis Growth Classroom [34],А (IT) 8,1209,6,Англійська для навчання та роботи 1,Кір'якова Дар'я,TUESDAY,2,2023-12-13,13:30:00,4,71,4,1005,9,70,5051,0,"Англійська для навчання та роботи 1
А (IT) 8
Кір'якова Дар'я
[70]"
1005_Genesis Growth Classroom [34],А (IT) 8,1209,6,Англійська для навчання та роботи 1,Кір'якова Дар'я,THURSDAY,4,2023-12-15,16:30:00,6,72,4,1005,23,71,5051,0,"Англійська для навчання та роботи 1
А (IT) 8
Кір'якова Дар'я
[71]"
1025_ASTEM FOUNDATION Classroom [38],ВМ (Л) 1,1227,6,Вступ до математики,Павлов Тарас,TUESDAY,2,2023-12-13,15:00:00,5,73,1,1025,10,72,3333,1,"Вступ до математики
ВМ (Л) 1
Павлов Тарас
[72]"
1003_TA Ventures Classroom [148],ВМ (Л) 2,1228,6,Вступ до математики,Павлов Тарас,THURSDAY,4,2023-12-15,10:00:00,2,74,2,1003,19,73,3333,1,"Вступ до математики
ВМ (Л) 2
Павлов Тарас
[73]"
1003_TA Ventures Classroom [148],ВМ (Л) 3,1229,6,Вступ до математики,Павлов Тарас,TUESDAY,2,2023-12-13,11:30:00,3,75,2,1003,8,74,3333,1,"Вступ до математики
ВМ (Л) 3
Павлов Тарас
[74]"
1030_Roy Gartner Memorial classroom [40],ВМ (Л) 4,1230,6,Вступ до математики,Павлов Тарас,WEDNESDAY,3,2023-12-14,15:00:00,5,76,3,1030,16,75,3333,1,"Вступ до математики
ВМ (Л) 4
Павлов Тарас
[75]"
1003_TA Ventures Classroom [148],ВМ (Л) 5,1231,6,Вступ до математики,Павлов Тарас,WEDNESDAY,3,2023-12-14,13:30:00,4,77,2,1003,15,76,3333,1,"Вступ до математики
ВМ (Л) 5
Павлов Тарас
[76]"
1002_ASTEM FOUNDATION Classroom [70],ВМ (Л) 6,1232,6,Вступ до математики,Павлов Тарас,TUESDAY,2,2023-12-13,10:00:00,2,78,0,1002,7,77,3333,1,"Вступ до математики
ВМ (Л) 6
Павлов Тарас
[77]"
1025_ASTEM FOUNDATION Classroom [38],МІП,1248,6,Вступ до математики,Чоп'юк Юрій,MONDAY,1,2023-12-12,10:00:00,2,79,1,1025,1,78,3737,1,"Вступ до математики
МІП
Чоп'юк Юрій
[78]"
1009_ARZINGER Classroom [34],МІП,1248,6,Вступ до математики,Павлов Тарас,THURSDAY,4,2023-12-15,11:30:00,3,80,6,1009,20,79,3333,0,"Вступ до математики
МІП
Павлов Тарас
[79]"
1002_ASTEM FOUNDATION Classroom [70],ВМ (ПІБА) 1,1191,6,Вступ до математики,Новак Антоніна,WEDNESDAY,3,2023-12-14,16:30:00,6,81,0,1002,17,80,3539,0,"Вступ до математики
ВМ (ПІБА) 1
Новак Антоніна
[80]"
1030_Roy Gartner Memorial classroom [40],ВМ (ПІБА) 1,1191,6,Вступ до математики,Новак Антоніна,TUESDAY,2,2023-12-13,15:00:00,5,82,3,1030,10,81,3539,0,"Вступ до математики
ВМ (ПІБА) 1
Новак Антоніна
[81]"
1005_Genesis Growth Classroom [34],ВМ (ПІБА) 2,1192,6,Вступ до математики,Антошина Катерина,TUESDAY,2,2023-12-13,16:30:00,6,83,4,1005,11,82,5044,0,"Вступ до математики
ВМ (ПІБА) 2
Антошина Катерина
[82]"
1030_Roy Gartner Memorial classroom [40],ВМ (ПІБА) 2,1192,6,Вступ до математики,Антошина Катерина,TUESDAY,2,2023-12-13,08:30:00,1,84,3,1030,6,83,5044,0,"Вступ до математики
ВМ (ПІБА) 2
Антошина Катерина
[83]"
1003_TA Ventures Classroom [148],ВМ (ПІБА) 3,1193,6,Вступ до математики,Новак Антоніна,THURSDAY,4,2023-12-15,15:00:00,5,85,2,1003,22,84,3539,0,"Вступ до математики
ВМ (ПІБА) 3
Новак Антоніна
[84]"
1003_TA Ventures Classroom [148],ВМ (ПІБА) 3,1193,6,Вступ до математики,Новак Антоніна,MONDAY,1,2023-12-12,08:30:00,1,86,2,1003,0,85,3539,0,"Вступ до математики
ВМ (ПІБА) 3
Новак Антоніна
[85]"
1005_Genesis Growth Classroom [34],ВМ (Ші),1189,6,Вступ до математики,Прощенко Тетяна,MONDAY,1,2023-12-12,10:00:00,2,87,4,1005,1,86,5043,0,"Вступ до математики
ВМ (Ші)
Прощенко Тетяна
[86]"
1007_Genesis Enterpreneurship Classroom [40],ВМ (Ші),1189,6,Вступ до математики,Прощенко Тетяна,FRIDAY,5,2023-12-16,16:30:00,6,88,5,1007,29,87,5043,0,"Вступ до математики
ВМ (Ші)
Прощенко Тетяна
[87]"
1007_Genesis Enterpreneurship Classroom [40],ВМ (К),1190,6,Вступ до математики,Чоп'юк Юрій,TUESDAY,2,2023-12-13,16:30:00,6,89,5,1007,11,88,3737,0,"Вступ до математики
ВМ (К)
Чоп'юк Юрій
[88]"
1009_ARZINGER Classroom [34],ВМ (К),1190,6,Вступ до математики,Чоп'юк Юрій,FRIDAY,5,2023-12-16,16:30:00,6,90,6,1009,29,89,3737,0,"Вступ до математики
ВМ (К)
Чоп'юк Юрій
[89]"
1030_Roy Gartner Memorial classroom [40],ВМ (БЕ) 1,1195,6,Вступ до математики,Рустамова Анна,WEDNESDAY,3,2023-12-14,13:30:00,4,91,3,1030,15,90,5042,0,"Вступ до математики
ВМ (БЕ) 1
Рустамова Анна
[90]"
1030_Roy Gartner Memorial classroom [40],ВМ (БЕ) 1,1195,6,Вступ до математики,Рустамова Анна,FRIDAY,5,2023-12-16,15:00:00,5,92,3,1030,28,91,5042,0,"Вступ до математики
ВМ (БЕ) 1
Рустамова Анна
[91]"
1002_ASTEM FOUNDATION Classroom [70],ВМ (БЕ) 2,1196,6,Вступ до математики,Прощенко Тетяна,FRIDAY,5,2023-12-16,10:00:00,2,93,0,1002,25,92,5043,0,"Вступ до математики
ВМ (БЕ) 2
Прощенко Тетяна
[92]"
1002_ASTEM FOUNDATION Classroom [70],ВМ (БЕ) 2,1196,6,Вступ до математики,Прощенко Тетяна,THURSDAY,4,2023-12-15,16:30:00,6,94,0,1002,23,93,5043,0,"Вступ до математики
ВМ (БЕ) 2
Прощенко Тетяна
[93]"
1009_ARZINGER Classroom [34],ВМ (БЕ) 3,1197,6,Вступ до математики,Рустамова Анна,TUESDAY,2,2023-12-13,15:00:00,5,95,6,1009,10,94,5042,0,"Вступ до математики
ВМ (БЕ) 3
Рустамова Анна
[94]"
1003_TA Ventures Classroom [148],ВМ (БЕ) 3,1197,6,Вступ до математики,Рустамова Анна,MONDAY,1,2023-12-12,16:30:00,6,96,2,1003,5,95,5042,0,"Вступ до математики
ВМ (БЕ) 3
Рустамова Анна
[95]"
1025_ASTEM FOUNDATION Classroom [38],ВМ (БЕ) 4,1198,6,Вступ до математики,Захарійченко Ліліана,MONDAY,1,2023-12-12,16:30:00,6,97,1,1025,5,96,3752,0,"Вступ до математики
ВМ (БЕ) 4
Захарійченко Ліліана
[96]"
1030_Roy Gartner Memorial classroom [40],ВМ (БЕ) 4,1198,6,Вступ до математики,Захарійченко Ліліана,FRIDAY,5,2023-12-16,10:00:00,2,98,3,1030,25,97,3752,0,"Вступ до математики
ВМ (БЕ) 4
Захарійченко Ліліана
[97]"
1007_Genesis Enterpreneurship Classroom [40],ВМ (БЕ) 5,1199,6,Вступ до математики,Захарійченко Ліліана,WEDNESDAY,3,2023-12-14,11:30:00,3,99,5,1007,14,98,3752,0,"Вступ до математики
ВМ (БЕ) 5
Захарійченко Ліліана
[98]"
1002_ASTEM FOUNDATION Classroom [70],ВМ (БЕ) 5,1199,6,Вступ до математики,Захарійченко Ліліана,TUESDAY,2,2023-12-13,11:30:00,3,100,0,1002,8,99,3752,0,"Вступ до математики
ВМ (БЕ) 5
Захарійченко Ліліана
[99]"
1002_ASTEM FOUNDATION Classroom [70],ВМ (ЕБД) 1,1200,6,Вступ до математики,Чоп'юк Юрій,THURSDAY,4,2023-12-15,15:00:00,5,101,0,1002,22,100,3737,0,"Вступ до математики
ВМ (ЕБД) 1
Чоп'юк Юрій
[100]"
1002_ASTEM FOUNDATION Classroom [70],ВМ (ЕБД) 1,1200,6,Вступ до математики,Чоп'юк Юрій,THURSDAY,4,2023-12-15,13:30:00,4,102,0,1002,21,101,3737,0,"Вступ до математики
ВМ (ЕБД) 1
Чоп'юк Юрій
[101]"
1030_Roy Gartner Memorial classroom [40],ВМ (ЕБД) 2,1201,6,Вступ до математики,Чоп'юк Юрій,WEDNESDAY,3,2023-12-14,08:30:00,1,103,3,1030,12,102,3737,0,"Вступ до математики
ВМ (ЕБД) 2
Чоп'юк Юрій
[102]"
1007_Genesis Enterpreneurship Classroom [40],ВМ (ЕБД) 2,1201,6,Вступ до математики,Чоп'юк Юрій,TUESDAY,2,2023-12-13,11:30:00,3,104,5,1007,8,103,3737,0,"Вступ до математики
ВМ (ЕБД) 2
Чоп'юк Юрій
[103]"
1005_Genesis Growth Classroom [34],ОП,1272,6,Основи програмування,Коротенко Артем,THURSDAY,4,2023-12-15,13:30:00,4,105,4,1005,21,104,3221,1,"Основи програмування
ОП
Коротенко Артем
[104]"
1007_Genesis Enterpreneurship Classroom [40],ОП,1272,6,Основи програмування,Коротенко Артем,THURSDAY,4,2023-12-15,11:30:00,3,106,5,1007,20,105,3221,1,"Основи програмування
ОП
Коротенко Артем
[105]"
1007_Genesis Enterpreneurship Classroom [40],ОП (П) 1,1285,6,Основи програмування,Насінник Андрій,FRIDAY,5,2023-12-16,13:30:00,4,107,5,1007,27,106,5163,0,"Основи програмування
ОП (П) 1
Насінник Андрій
[106]"
1002_ASTEM FOUNDATION Classroom [70],ОП (П) 1,1285,6,Основи програмування,Насінник Андрій,WEDNESDAY,3,2023-12-14,15:00:00,5,108,0,1002,16,107,5163,0,"Основи програмування
ОП (П) 1
Насінник Андрій
[107]"
1009_ARZINGER Classroom [34],ОП (П) 2,1286,6,Основи програмування,Радченко Олексій,TUESDAY,2,2023-12-13,11:30:00,3,109,6,1009,8,108,5161,0,"Основи програмування
ОП (П) 2
Радченко Олексій
[108]"
1007_Genesis Enterpreneurship Classroom [40],ОП (П) 2,1286,6,Основи програмування,Радченко Олексій,THURSDAY,4,2023-12-15,10:00:00,2,110,5,1007,19,109,5161,0,"Основи програмування
ОП (П) 2
Радченко Олексій
[109]"
1005_Genesis Growth Classroom [34],ОП (П) 3,1287,6,Основи програмування,Бардін Владислав,MONDAY,1,2023-12-12,16:30:00,6,111,4,1005,5,110,5160,0,"Основи програмування
ОП (П) 3
Бардін Владислав
[110]"
1005_Genesis Growth Classroom [34],ОП (П) 3,1287,6,Основи програмування,Бардін Владислав,FRIDAY,5,2023-12-16,11:30:00,3,112,4,1005,26,111,5160,0,"Основи програмування
ОП (П) 3
Бардін Владислав
[111]"
1025_ASTEM FOUNDATION Classroom [38],ОП (П) 4,1288,6,Основи програмування,Огойко Микола,TUESDAY,2,2023-12-13,10:00:00,2,113,1,1025,7,112,5162,0,"Основи програмування
ОП (П) 4
Огойко Микола
[112]"
1007_Genesis Enterpreneurship Classroom [40],ОП (П) 4,1288,6,Основи програмування,Огойко Микола,WEDNESDAY,3,2023-12-14,08:30:00,1,114,5,1007,12,113,5162,0,"Основи програмування
ОП (П) 4
Огойко Микола
[113]"
1002_ASTEM FOUNDATION Classroom [70],ОП (П) 5,1289,6,Основи програмування,Бардін Владислав,FRIDAY,5,2023-12-16,16:30:00,6,115,0,1002,29,114,5160,0,"Основи програмування
ОП (П) 5
Бардін Владислав
[114]"
1010_ПУМБ Classroom [32],ОП (П) 5,1289,6,Основи програмування,Бардін Владислав,THURSDAY,4,2023-12-15,10:00:00,2,116,7,1010,19,115,5160,0,"Основи програмування
ОП (П) 5
Бардін Владислав
[115]"
1010_ПУМБ Classroom [32],ОП (П) 6,1317,6,Основи програмування,Бардін Владислав,TUESDAY,2,2023-12-13,10:00:00,2,117,7,1010,7,116,5160,0,"Основи програмування
ОП (П) 6
Бардін Владислав
[116]"
1010_ПУМБ Classroom [32],ОП (П) 6,1317,6,Основи програмування,Бардін Владислав,WEDNESDAY,3,2023-12-14,15:00:00,5,118,7,1010,16,117,5160,0,"Основи програмування
ОП (П) 6
Бардін Владислав
[117]"
1009_ARZINGER Classroom [34],ВМ (Т) 1,1275,6,Вступ до математики,Павлов Тарас,MONDAY,1,2023-12-12,10:00:00,2,119,6,1009,1,118,3333,0,"Вступ до математики
ВМ (Т) 1
Павлов Тарас
[118]"
1002_ASTEM FOUNDATION Classroom [70],ВМ (Т) 2,1276,6,Вступ до математики,Павлов Тарас,WEDNESDAY,3,2023-12-14,11:30:00,3,120,0,1002,14,119,3333,0,"Вступ до математики
ВМ (Т) 2
Павлов Тарас
[119]"
1009_ARZINGER Classroom [34],ВМ (Т) 3,1277,6,Вступ до математики,Павлов Тарас,THURSDAY,4,2023-12-15,13:30:00,4,121,6,1009,21,120,3333,0,"Вступ до математики
ВМ (Т) 3
Павлов Тарас
[120]"
1010_ПУМБ Classroom [32],ВМ (Т) 4,1278,6,Вступ до математики,Павлов Тарас,MONDAY,1,2023-12-12,15:00:00,5,122,7,1010,4,121,3333,0,"Вступ до математики
ВМ (Т) 4
Павлов Тарас
[121]"
1003_TA Ventures Classroom [148],ІТЕ (Л) 1,1306,6,Основи ІТ для бізнесу,Давидко Василь,TUESDAY,2,2023-12-13,08:30:00,1,123,2,1003,6,122,5052,1,"Основи ІТ для бізнесу
ІТЕ (Л) 1
Давидко Василь
[122]"
1003_TA Ventures Classroom [148],ІТЕ (Л) 1,1306,6,Основи ІТ для бізнесу,Давидко Василь,WEDNESDAY,3,2023-12-14,15:00:00,5,124,2,1003,16,123,5052,1,"Основи ІТ для бізнесу
ІТЕ (Л) 1
Давидко Василь
[123]"
1003_TA Ventures Classroom [148],ІТЕ (Л)2,1307,6,Основи ІТ для бізнесу,Давидко Василь,WEDNESDAY,3,2023-12-14,16:30:00,6,125,2,1003,17,124,5052,1,"Основи ІТ для бізнесу
ІТЕ (Л)2
Давидко Василь
[124]"
1003_TA Ventures Classroom [148],ІТЕ (Л)2,1307,6,Основи ІТ для бізнесу,Давидко Василь,FRIDAY,5,2023-12-16,11:30:00,3,126,2,1003,26,125,5052,1,"Основи ІТ для бізнесу
ІТЕ (Л)2
Давидко Василь
[125]"
1005_Genesis Growth Classroom [34],ПП,1257,6,Парадигми програмування,Яременко Вадим,TUESDAY,2,2023-12-13,11:30:00,3,127,4,1005,8,126,3727,0,"Парадигми програмування
ПП
Яременко Вадим
[126]"
1005_Genesis Growth Classroom [34],ПП,1257,6,Парадигми програмування,Яременко Вадим,TUESDAY,2,2023-12-13,10:00:00,2,128,4,1005,7,127,3727,0,"Парадигми програмування
ПП
Яременко Вадим
[127]"
1002_ASTEM FOUNDATION Classroom [70],ПП,1257,6,Парадигми програмування,Яременко Вадим,MONDAY,1,2023-12-12,10:00:00,2,129,0,1002,1,128,3727,1,"Парадигми програмування
ПП
Яременко Вадим
[128]"
1005_Genesis Growth Classroom [34],ПП,1257,6,Парадигми програмування,Яременко Вадим,TUESDAY,2,2023-12-13,08:30:00,1,130,4,1005,6,129,3727,1,"Парадигми програмування
ПП
Яременко Вадим
[129]"
1030_Roy Gartner Memorial classroom [40],ВТ,1258,6,Веб-технології,Сеник Юлія,FRIDAY,5,2023-12-16,11:30:00,3,131,3,1030,26,130,5063,0,"Веб-технології
ВТ
Сеник Юлія
[130]"
1007_Genesis Enterpreneurship Classroom [40],ВТ,1258,6,Веб-технології,Сеник Юлія,FRIDAY,5,2023-12-16,10:00:00,2,132,5,1007,25,131,5063,0,"Веб-технології
ВТ
Сеник Юлія
[131]"
1005_Genesis Growth Classroom [34],ВТ,1258,6,Веб-технології,Сеник Юлія,TUESDAY,2,2023-12-13,15:00:00,5,133,4,1005,10,132,5063,1,"Веб-технології
ВТ
Сеник Юлія
[132]"
1010_ПУМБ Classroom [32],ВТ,1258,6,Веб-технології,Сеник Юлія,WEDNESDAY,3,2023-12-14,11:30:00,3,134,7,1010,14,133,5063,1,"Веб-технології
ВТ
Сеник Юлія
[133]"
1007_Genesis Enterpreneurship Classroom [40],Мі,1255,6,Мікроекономіка II,Махова Галина,FRIDAY,5,2023-12-16,11:30:00,3,135,5,1007,26,134,3753,0,"Мікроекономіка II
Мі
Махова Галина
[134]"
1003_TA Ventures Classroom [148],Мі,1255,6,Мікроекономіка II,Махова Галина,WEDNESDAY,3,2023-12-14,11:30:00,3,136,2,1003,14,135,3753,0,"Мікроекономіка II
Мі
Махова Галина
[135]"
1003_TA Ventures Classroom [148],Мі,1255,6,Мікроекономіка II,Махова Галина,TUESDAY,2,2023-12-13,10:00:00,2,137,2,1003,7,136,3753,1,"Мікроекономіка II
Мі
Махова Галина
[136]"
1030_Roy Gartner Memorial classroom [40],Мі,1255,6,Мікроекономіка II,Махова Галина,TUESDAY,2,2023-12-13,11:30:00,3,138,3,1030,8,137,3753,1,"Мікроекономіка II
Мі
Махова Галина
[137]"
1010_ПУМБ Classroom [32],МЕЗ (П) 1,1273,6,Математика для економічних застосувань ІІ,Дашков Олександр,WEDNESDAY,3,2023-12-14,13:30:00,4,139,7,1010,15,138,5060,0,"Математика для економічних застосувань ІІ
МЕЗ (П) 1
Дашков Олександр
[138]"
1007_Genesis Enterpreneurship Classroom [40],МЕЗ (П) 1,1273,6,Математика для економічних застосувань ІІ,Дашков Олександр,TUESDAY,2,2023-12-13,13:30:00,4,140,5,1007,9,139,5060,0,"Математика для економічних застосувань ІІ
МЕЗ (П) 1
Дашков Олександр
[139]"
1010_ПУМБ Classroom [32],МЕЗ (П) 2,1274,6,Математика для економічних застосувань ІІ,Дашков Олександр,TUESDAY,2,2023-12-13,15:00:00,5,141,7,1010,10,140,5060,0,"Математика для економічних застосувань ІІ
МЕЗ (П) 2
Дашков Олександр
[140]"
1025_ASTEM FOUNDATION Classroom [38],МЕЗ (П) 2,1274,6,Математика для економічних застосувань ІІ,Дашков Олександр,TUESDAY,2,2023-12-13,16:30:00,6,142,1,1025,11,141,5060,0,"Математика для економічних застосувань ІІ
МЕЗ (П) 2
Дашков Олександр
[141]"
1009_ARZINGER Classroom [34],ОПІ,1259,6,Основи програмної інженерії,Подколзін Андрій,FRIDAY,5,2023-12-16,08:30:00,1,143,6,1009,24,142,5064,1,"Основи програмної інженерії
ОПІ
Подколзін Андрій
[142]"
1009_ARZINGER Classroom [34],ОПІ,1259,6,Основи програмної інженерії,Подколзін Андрій,MONDAY,1,2023-12-12,11:30:00,3,144,6,1009,2,143,5064,1,"Основи програмної інженерії
ОПІ
Подколзін Андрій
[143]"
1005_Genesis Growth Classroom [34],ОПІ,1259,6,Основи програмної інженерії,Подколзін Андрій,WEDNESDAY,3,2023-12-14,10:00:00,2,145,4,1005,13,144,5064,0,"Основи програмної інженерії
ОПІ
Подколзін Андрій
[144]"
1010_ПУМБ Classroom [32],ОПІ,1259,6,Основи програмної інженерії,Подколзін Андрій,MONDAY,1,2023-12-12,16:30:00,6,146,7,1010,5,145,5064,0,"Основи програмної інженерії
ОПІ
Подколзін Андрій
[145]"
1010_ПУМБ Classroom [32],ЙС (П)1,1300,6,Імовірність і статистика,Горовой Микита,WEDNESDAY,3,2023-12-14,16:30:00,6,147,7,1010,17,146,5061,0,"Імовірність і статистика
ЙС (П)1
Горовой Микита
[146]"
1007_Genesis Enterpreneurship Classroom [40],ЙС (П)1,1300,6,Імовірність і статистика,Горовой Микита,MONDAY,1,2023-12-12,11:30:00,3,148,5,1007,2,147,5061,0,"Імовірність і статистика
ЙС (П)1
Горовой Микита
[147]"
1030_Roy Gartner Memorial classroom [40],ЙС (П)2,1301,6,Імовірність і статистика,Глазунов Анатолій,MONDAY,1,2023-12-12,08:30:00,1,149,3,1030,0,148,2371,0,"Імовірність і статистика
ЙС (П)2
Глазунов Анатолій
[148]"
1007_Genesis Enterpreneurship Classroom [40],ЙС (П)2,1301,6,Імовірність і статистика,Глазунов Анатолій,WEDNESDAY,3,2023-12-14,13:30:00,4,150,5,1007,15,149,2371,0,"Імовірність і статистика
ЙС (П)2
Глазунов Анатолій
[149]"
1025_ASTEM FOUNDATION Classroom [38],ЙС (П)3,1302,6,Імовірність і статистика,Аксьонов Михайло,WEDNESDAY,3,2023-12-14,13:30:00,4,151,1,1025,15,150,5059,0,"Імовірність і статистика
ЙС (П)3
Аксьонов Михайло
[150]"
1025_ASTEM FOUNDATION Classroom [38],ЙС (П)3,1302,6,Імовірність і статистика,Аксьонов Михайло,TUESDAY,2,2023-12-13,13:30:00,4,152,1,1025,9,151,5059,0,"Імовірність і статистика
ЙС (П)3
Аксьонов Михайло
[151]"
1002_ASTEM FOUNDATION Classroom [70],ЙС ALL,1366,6,Імовірність і статистика,Дашков Олександр,WEDNESDAY,3,2023-12-14,08:30:00,1,153,0,1002,12,152,5060,1,"Імовірність і статистика
ЙС ALL
Дашков Олександр
[152]"
1003_TA Ventures Classroom [148],ЙС ALL,1366,6,Імовірність і статистика,Дашков Олександр,THURSDAY,4,2023-12-15,16:30:00,6,154,2,1003,23,153,5060,1,"Імовірність і статистика
ЙС ALL
Дашков Олександр
[153]"
1002_ASTEM FOUNDATION Classroom [70],ЕМ,1290,6,Економетрика,Таміліна Лариса,FRIDAY,5,2023-12-16,11:30:00,3,155,0,1002,26,154,4001,1,"Економетрика
ЕМ
Таміліна Лариса
[154]"
1030_Roy Gartner Memorial classroom [40],ЕМ,1290,6,Економетрика,Таміліна Лариса,MONDAY,1,2023-12-12,11:30:00,3,156,3,1030,2,155,4001,1,"Економетрика
ЕМ
Таміліна Лариса
[155]"
1003_TA Ventures Classroom [148],ЕМ 1,1368,6,Економетрика,Таміліна Лариса,THURSDAY,4,2023-12-15,11:30:00,3,157,2,1003,20,156,4001,0,"Економетрика
ЕМ 1
Таміліна Лариса
[156]"
1030_Roy Gartner Memorial classroom [40],ЕМ 1,1368,6,Економетрика,Таміліна Лариса,MONDAY,1,2023-12-12,15:00:00,5,158,3,1030,4,157,4001,0,"Економетрика
ЕМ 1
Таміліна Лариса
[157]"
1010_ПУМБ Classroom [32],ДПСН,1262,6,Дослідницький проект у соціальних науках,Таміліна Лариса,WEDNESDAY,3,2023-12-14,10:00:00,2,159,7,1010,13,158,4001,1,"Дослідницький проект у соціальних науках
ДПСН
Таміліна Лариса
[158]"
1003_TA Ventures Classroom [148],ДПСН,1262,6,Дослідницький проект у соціальних науках,Таміліна Лариса,FRIDAY,5,2023-12-16,13:30:00,4,160,2,1003,27,159,4001,1,"Дослідницький проект у соціальних науках
ДПСН
Таміліна Лариса
[159]"
1010_ПУМБ Classroom [32],ДПСН,1262,6,Дослідницький проект у соціальних науках,Таміліна Лариса,TUESDAY,2,2023-12-13,11:30:00,3,161,7,1010,8,160,4001,0,"Дослідницький проект у соціальних науках
ДПСН
Таміліна Лариса
[160]"
1009_ARZINGER Classroom [34],ДПСН,1262,6,Дослідницький проект у соціальних науках,Таміліна Лариса,WEDNESDAY,3,2023-12-14,11:30:00,3,162,6,1009,14,161,4001,0,"Дослідницький проект у соціальних науках
ДПСН
Таміліна Лариса
[161]"
1030_Roy Gartner Memorial classroom [40],ПМ,1263,6,Управління проектами,Відякін Михайло,WEDNESDAY,3,2023-12-14,16:30:00,6,163,3,1030,17,162,5066,1,"Управління проектами
ПМ
Відякін Михайло
[162]"
1025_ASTEM FOUNDATION Classroom [38],ПМ,1263,6,Управління проектами,Відякін Михайло,FRIDAY,5,2023-12-16,10:00:00,2,164,1,1025,25,163,5066,1,"Управління проектами
ПМ
Відякін Михайло
[163]"
1007_Genesis Enterpreneurship Classroom [40],ПМ,1263,6,Управління проектами,Відякін Михайло,TUESDAY,2,2023-12-13,10:00:00,2,165,5,1007,7,164,5066,0,"Управління проектами
ПМ
Відякін Михайло
[164]"
1005_Genesis Growth Classroom [34],ПМ,1263,6,Управління проектами,Відякін Михайло,WEDNESDAY,3,2023-12-14,15:00:00,5,166,4,1005,16,165,5066,0,"Управління проектами
ПМ
Відякін Михайло
[165]"
1002_ASTEM FOUNDATION Classroom [70],ВМ (П),1271,6,Вступ до математики,Павлов Тарас,THURSDAY,4,2023-12-15,08:30:00,1,167,0,1002,18,166,3333,0,"Вступ до математики
ВМ (П)
Павлов Тарас
[166]"
1010_ПУМБ Classroom [32],ВР,1132,6,Вступ до релігієзнавства,Нікіфоров Карен,TUESDAY,2,2023-12-13,13:30:00,4,168,7,1010,9,167,5210,1,"Вступ до релігієзнавства
ВР
Нікіфоров Карен
[167]"
1005_Genesis Growth Classroom [34],ВР,1132,6,Вступ до релігієзнавства,Нікіфоров Карен,FRIDAY,5,2023-12-16,15:00:00,5,169,4,1005,28,168,5210,1,"Вступ до релігієзнавства
ВР
Нікіфоров Карен
[168]"
1030_Roy Gartner Memorial classroom [40],ВР,1132,6,Вступ до релігієзнавства,Нікіфоров Карен,MONDAY,1,2023-12-12,13:30:00,4,170,3,1030,3,169,5210,0,"Вступ до релігієзнавства
ВР
Нікіфоров Карен
[169]"
1030_Roy Gartner Memorial classroom [40],ВР,1132,6,Вступ до релігієзнавства,Нікіфоров Карен,THURSDAY,4,2023-12-15,15:00:00,5,171,3,1030,22,170,5210,0,"Вступ до релігієзнавства
ВР
Нікіфоров Карен
[170]"
1010_ПУМБ Classroom [32],БА,1309,6,Бізнес-аналіз,Несторак Володимир,THURSDAY,4,2023-12-15,13:30:00,4,172,7,1010,21,171,5067,1,"Бізнес-аналіз
БА
Несторак Володимир
[171]"
1005_Genesis Growth Classroom [34],БА,1309,6,Бізнес-аналіз,Несторак Володимир,THURSDAY,4,2023-12-15,10:00:00,2,173,4,1005,19,172,5067,0,"Бізнес-аналіз
БА
Несторак Володимир
[172]"
1002_ASTEM FOUNDATION Classroom [70],АПД,1315,6,Актуальні проблеми довкілля,Дацюк Інна,TUESDAY,2,2023-12-13,08:30:00,1,174,0,1002,6,173,5214,0,"Актуальні проблеми довкілля
АПД
Дацюк Інна
[173]"
1009_ARZINGER Classroom [34],АПД,1315,6,Актуальні проблеми довкілля,Дацюк Інна,THURSDAY,4,2023-12-15,08:30:00,1,175,6,1009,18,174,5214,0,"Актуальні проблеми довкілля
АПД
Дацюк Інна
[174]"
1003_TA Ventures Classroom [148],АПД,1315,6,Актуальні проблеми довкілля,Дацюк Інна,FRIDAY,5,2023-12-16,16:30:00,6,176,2,1003,29,175,5214,0,"Актуальні проблеми довкілля
АПД
Дацюк Інна
[175]"
