[{"ID_AUD":1010,"ID_DIV":6,"ID_SHED":2,"ID_DISC":0,"ID_STUD":1,"ID_TEACH":4059,"NUM_PAIR":3,"DATE_PAIR":"2023-12-15","GROUPS":[1247]},{"ID_AUD":1007,"ID_DIV":6,"ID_SHED":2,"ID_DISC":1,"ID_STUD":1,"ID_TEACH":4059,"NUM_PAIR":4,"DATE_PAIR":"2023-12-15","GROUPS":[1247]},{"ID_AUD":1010,"ID_DIV":6,"ID_SHED":2,"ID_DISC":2,"ID_STUD":2,"ID_TEACH":4059,"NUM_PAIR":4,"DATE_PAIR":"2023-12-16","GROUPS":[1247]},{"ID_AUD":1005,"ID_DIV":6,"ID_SHED":2,"ID_DISC":3,"ID_STUD":1,"ID_TEACH":5056,"NUM_PAIR":1,"DATE_PAIR":"2023-12-16","GROUPS":[1246]},{"ID_AUD":1003,"ID_DIV":6,"ID_SHED":2,"ID_DISC":4,"ID_STUD":1,"ID_TEACH":5056,"NUM_PAIR":2,"DATE_PAIR":"2023-12-16","GROUPS":[1246]},{"ID_AUD":1002,"ID_DIV":6,"ID_SHED":2,"ID_DISC":5,"ID_STUD":2,"ID_TEACH":5056,"NUM_PAIR":2,"DATE_PAIR":"2023-12-15","GROUPS":[1246]},{"ID_AUD":1009,"ID_DIV":6,"ID_SHED":2,"ID_DISC":6,"ID_STUD":1,"ID_TEACH":5053,"NUM_PAIR":2,"DATE_PAIR":"2023-12-13","GROUPS":[1249]},{"ID_AUD":1009,"ID_DIV":6,"ID_SHED":2,"ID_DISC":7,"ID_STUD":1,"ID_TEACH":5053,"NUM_PAIR":2,"DATE_PAIR":"2023-12-15","GROUPS":[1249]},{"ID_AUD":1005,"ID_DIV":6,"ID_SHED":2,"ID_DISC":8,"ID_STUD":2,"ID_TEACH":5053,"NUM_PAIR":2,"DATE_PAIR":"2023-12-16","GROUPS":[1249]},{"ID_AUD":1002,"ID_DIV":6,"ID_SHED":2,"ID_DISC":9,"ID_STUD":2,"ID_TEACH":5053,"NUM_PAIR":3,"DATE_PAIR":"2023-12-12","GROUPS":[1249]},{"ID_AUD":1002,"ID_DIV":6,"ID_SHED":2,"ID_DISC":10,"ID_STUD":2,"ID_TEACH":5048,"NUM_PAIR":4,"DATE_PAIR":"2023-12-13","GROUPS":[1225]},{"ID_AUD":1025,"ID_DIV":6,"ID_SHED":2,"ID_DISC":11,"ID_STUD":2,"ID_TEACH":5048,"NUM_PAIR":3,"DATE_PAIR":"2023-12-13","GROUPS":[1225]},{"ID_AUD":1002,"ID_DIV":6,"ID_SHED":2,"ID_DISC":12,"ID_STUD":2,"ID_TEACH":5048,"NUM_PAIR":6,"DATE_PAIR":"2023-12-13","GROUPS":[1225]},{"ID_AUD":1007,"ID_DIV":6,"ID_SHED":2,"ID_DISC":13,"ID_STUD":2,"ID_TEACH":5048,"NUM_PAIR":5,"DATE_PAIR":"2023-12-14","GROUPS":[1226]},{"ID_AUD":1010,"ID_DIV":6,"ID_SHED":2,"ID_DISC":14,"ID_STUD":2,"ID_TEACH":5048,"NUM_PAIR":3,"DATE_PAIR":"2023-12-16","GROUPS":[1226]},{"ID_AUD":1010,"ID_DIV":6,"ID_SHED":2,"ID_DISC":15,"ID_STUD":2,"ID_TEACH":5048,"NUM_PAIR":1,"DATE_PAIR":"2023-12-12","GROUPS":[1226]},{"ID_AUD":1005,"ID_DIV":6,"ID_SHED":2,"ID_DISC":16,"ID_STUD":2,"ID_TEACH":5048,"NUM_PAIR":5,"DATE_PAIR":"2023-12-12","GROUPS":[1224]},{"ID_AUD":1010,"ID_DIV":6,"ID_SHED":2,"ID_DISC":17,"ID_STUD":2,"ID_TEACH":5048,"NUM_PAIR":5,"DATE_PAIR":"2023-12-16","GROUPS":[1224]},{"ID_AUD":1030,"ID_DIV":6,"ID_SHED":2,"ID_DISC":18,"ID_STUD":2,"ID_TEACH":5048,"NUM_PAIR":1,"DATE_PAIR":"2023-12-15","GROUPS":[1224]},{"ID_AUD":1003,"ID_DIV":6,"ID_SHED":2,"ID_DISC":19,"ID_STUD":1,"ID_TEACH":3434,"NUM_PAIR":1,"DATE_PAIR":"2023-12-16","GROUPS":[1233]},{"ID_AUD":1003,"ID_DIV":6,"ID_SHED":2,"ID_DISC":20,"ID_STUD":1,"ID_TEACH":3434,"NUM_PAIR":2,"DATE_PAIR":"2023-12-12","GROUPS":[1233]},{"ID_AUD":1003,"ID_DIV":6,"ID_SHED":2,"ID_DISC":21,"ID_STUD":1,"ID_TEACH":3434,"NUM_PAIR":4,"DATE_PAIR":"2023-12-12","GROUPS":[1234]},{"ID_AUD":1003,"ID_DIV":6,"ID_SHED":2,"ID_DISC":22,"ID_STUD":1,"ID_TEACH":3434,"NUM_PAIR":5,"DATE_PAIR":"2023-12-16","GROUPS":[1234]},{"ID_AUD":1009,"ID_DIV":6,"ID_SHED":2,"ID_DISC":23,"ID_STUD":2,"ID_TEACH":5142,"NUM_PAIR":6,"DATE_PAIR":"2023-12-12","GROUPS":[1237]},{"ID_AUD":1025,"ID_DIV":6,"ID_SHED":2,"ID_DISC":24,"ID_STUD":2,"ID_TEACH":3434,"NUM_PAIR":4,"DATE_PAIR":"2023-12-16","GROUPS":[1238]},{"ID_AUD":1007,"ID_DIV":6,"ID_SHED":2,"ID_DISC":25,"ID_STUD":2,"ID_TEACH":5142,"NUM_PAIR":5,"DATE_PAIR":"2023-12-12","GROUPS":[1239]},{"ID_AUD":1005,"ID_DIV":6,"ID_SHED":2,"ID_DISC":26,"ID_STUD":2,"ID_TEACH":5144,"NUM_PAIR":4,"DATE_PAIR":"2023-12-16","GROUPS":[1240]},{"ID_AUD":1009,"ID_DIV":6,"ID_SHED":2,"ID_DISC":27,"ID_STUD":2,"ID_TEACH":5144,"NUM_PAIR":5,"DATE_PAIR":"2023-12-15","GROUPS":[1242]},{"ID_AUD":1002,"ID_DIV":6,"ID_SHED":2,"ID_DISC":28,"ID_STUD":2,"ID_TEACH":5145,"NUM_PAIR":4,"DATE_PAIR":"2023-12-16","GROUPS":[1243]},{"ID_AUD":1030,"ID_DIV":6,"ID_SHED":2,"ID_DISC":29,"ID_STUD":2,"ID_TEACH":5145,"NUM_PAIR":2,"DATE_PAIR":"2023-12-12","GROUPS":[1244]},{"ID_AUD":1025,"ID_DIV":6,"ID_SHED":2,"ID_DISC":30,"ID_STUD":2,"ID_TEACH":3434,"NUM_PAIR":5,"DATE_PAIR":"2023-12-15","GROUPS":[1245]},{"ID_AUD":1003,"ID_DIV":6,"ID_SHED":2,"ID_DISC":31,"ID_STUD":1,"ID_TEACH":2498,"NUM_PAIR":5,"DATE_PAIR":"2023-12-13","GROUPS":[1187]},{"ID_AUD":1010,"ID_DIV":6,"ID_SHED":2,"ID_DISC":32,"ID_STUD":1,"ID_TEACH":1,"NUM_PAIR":1,"DATE_PAIR":"2023-12-13","GROUPS":[1297]},{"ID_AUD":1030,"ID_DIV":6,"ID_SHED":2,"ID_DISC":33,"ID_STUD":1,"ID_TEACH":4671,"NUM_PAIR":6,"DATE_PAIR":"2023-12-12","GROUPS":[1298]},{"ID_AUD":1030,"ID_DIV":6,"ID_SHED":2,"ID_DISC":35,"ID_STUD":2,"ID_TEACH":5049,"NUM_PAIR":4,"DATE_PAIR":"2023-12-13","GROUPS":[1219]},{"ID_AUD":1002,"ID_DIV":6,"ID_SHED":2,"ID_DISC":36,"ID_STUD":2,"ID_TEACH":5049,"NUM_PAIR":3,"DATE_PAIR":"2023-12-15","GROUPS":[1219]},{"ID_AUD":1009,"ID_DIV":6,"ID_SHED":2,"ID_DISC":37,"ID_STUD":2,"ID_TEACH":5049,"NUM_PAIR":2,"DATE_PAIR":"2023-12-14","GROUPS":[1220]},{"ID_AUD":1010,"ID_DIV":6,"ID_SHED":2,"ID_DISC":38,"ID_STUD":2,"ID_TEACH":5049,"NUM_PAIR":1,"DATE_PAIR":"2023-12-15","GROUPS":[1220]},{"ID_AUD":1005,"ID_DIV":6,"ID_SHED":2,"ID_DISC":39,"ID_STUD":2,"ID_TEACH":5049,"NUM_PAIR":6,"DATE_PAIR":"2023-12-16","GROUPS":[1221]},{"ID_AUD":1005,"ID_DIV":6,"ID_SHED":2,"ID_DISC":40,"ID_STUD":2,"ID_TEACH":5049,"NUM_PAIR":4,"DATE_PAIR":"2023-12-14","GROUPS":[1221]},{"ID_AUD":1003,"ID_DIV":6,"ID_SHED":2,"ID_DISC":41,"ID_STUD":2,"ID_TEACH":5049,"NUM_PAIR":3,"DATE_PAIR":"2023-12-12","GROUPS":[1222]},{"ID_AUD":1009,"ID_DIV":6,"ID_SHED":2,"ID_DISC":42,"ID_STUD":2,"ID_TEACH":5049,"NUM_PAIR":1,"DATE_PAIR":"2023-12-14","GROUPS":[1222]},{"ID_AUD":1007,"ID_DIV":6,"ID_SHED":2,"ID_DISC":43,"ID_STUD":2,"ID_TEACH":3739,"NUM_PAIR":2,"DATE_PAIR":"2023-12-14","GROUPS":[1212]},{"ID_AUD":1010,"ID_DIV":6,"ID_SHED":2,"ID_DISC":44,"ID_STUD":2,"ID_TEACH":3739,"NUM_PAIR":4,"DATE_PAIR":"2023-12-12","GROUPS":[1212]},{"ID_AUD":1025,"ID_DIV":6,"ID_SHED":2,"ID_DISC":45,"ID_STUD":2,"ID_TEACH":3739,"NUM_PAIR":1,"DATE_PAIR":"2023-12-14","GROUPS":[1213]},{"ID_AUD":1005,"ID_DIV":6,"ID_SHED":2,"ID_DISC":46,"ID_STUD":2,"ID_TEACH":3739,"NUM_PAIR":1,"DATE_PAIR":"2023-12-12","GROUPS":[1213]},{"ID_AUD":1025,"ID_DIV":6,"ID_SHED":2,"ID_DISC":47,"ID_STUD":2,"ID_TEACH":3739,"NUM_PAIR":3,"DATE_PAIR":"2023-12-12","GROUPS":[1214]},{"ID_AUD":1009,"ID_DIV":6,"ID_SHED":2,"ID_DISC":48,"ID_STUD":2,"ID_TEACH":3739,"NUM_PAIR":4,"DATE_PAIR":"2023-12-14","GROUPS":[1214]},{"ID_AUD":1007,"ID_DIV":6,"ID_SHED":2,"ID_DISC":49,"ID_STUD":2,"ID_TEACH":5047,"NUM_PAIR":4,"DATE_PAIR":"2023-12-12","GROUPS":[1215]},{"ID_AUD":1007,"ID_DIV":6,"ID_SHED":2,"ID_DISC":50,"ID_STUD":2,"ID_TEACH":5047,"NUM_PAIR":1,"DATE_PAIR":"2023-12-15","GROUPS":[1215]},{"ID_AUD":1009,"ID_DIV":6,"ID_SHED":2,"ID_DISC":51,"ID_STUD":2,"ID_TEACH":5047,"NUM_PAIR":1,"DATE_PAIR":"2023-12-12","GROUPS":[1216]},{"ID_AUD":1030,"ID_DIV":6,"ID_SHED":2,"ID_DISC":52,"ID_STUD":2,"ID_TEACH":5047,"NUM_PAIR":2,"DATE_PAIR":"2023-12-14","GROUPS":[1216]},{"ID_AUD":1005,"ID_DIV":6,"ID_SHED":2,"ID_DISC":53,"ID_STUD":2,"ID_TEACH":5047,"NUM_PAIR":1,"DATE_PAIR":"2023-12-14","GROUPS":[1217]},{"ID_AUD":1025,"ID_DIV":6,"ID_SHED":2,"ID_DISC":54,"ID_STUD":2,"ID_TEACH":5047,"NUM_PAIR":2,"DATE_PAIR":"2023-12-15","GROUPS":[1217]},{"ID_AUD":1025,"ID_DIV":6,"ID_SHED":2,"ID_DISC":55,"ID_STUD":2,"ID_TEACH":5047,"NUM_PAIR":6,"DATE_PAIR":"2023-12-15","GROUPS":[1218]},{"ID_AUD":1009,"ID_DIV":6,"ID_SHED":2,"ID_DISC":56,"ID_STUD":2,"ID_TEACH":5047,"NUM_PAIR":4,"DATE_PAIR":"2023-12-13","GROUPS":[1218]},{"ID_AUD":1009,"ID_DIV":6,"ID_SHED":2,"ID_DISC":57,"ID_STUD":1,"ID_TEACH":5055,"NUM_PAIR":6,"DATE_PAIR":"2023-12-13","GROUPS":[1250]},{"ID_AUD":1009,"ID_DIV":6,"ID_SHED":2,"ID_DISC":58,"ID_STUD":2,"ID_TEACH":5055,"NUM_PAIR":1,"DATE_PAIR":"2023-12-13","GROUPS":[1250]},{"ID_AUD":1009,"ID_DIV":6,"ID_SHED":2,"ID_DISC":59,"ID_STUD":2,"ID_TEACH":5046,"NUM_PAIR":6,"DATE_PAIR":"2023-12-15","GROUPS":[1202]},{"ID_AUD":1002,"ID_DIV":6,"ID_SHED":2,"ID_DISC":60,"ID_STUD":2,"ID_TEACH":5046,"NUM_PAIR":5,"DATE_PAIR":"2023-12-16","GROUPS":[1202]},{"ID_AUD":1003,"ID_DIV":6,"ID_SHED":2,"ID_DISC":61,"ID_STUD":2,"ID_TEACH":5046,"NUM_PAIR":1,"DATE_PAIR":"2023-12-14","GROUPS":[1203]},{"ID_AUD":1002,"ID_DIV":6,"ID_SHED":2,"ID_DISC":62,"ID_STUD":2,"ID_TEACH":5046,"NUM_PAIR":6,"DATE_PAIR":"2023-12-12","GROUPS":[1203]},{"ID_AUD":1003,"ID_DIV":6,"ID_SHED":2,"ID_DISC":63,"ID_STUD":2,"ID_TEACH":5046,"NUM_PAIR":2,"DATE_PAIR":"2023-12-14","GROUPS":[1204]},{"ID_AUD":1010,"ID_DIV":6,"ID_SHED":2,"ID_DISC":64,"ID_STUD":2,"ID_TEACH":5046,"NUM_PAIR":1,"DATE_PAIR":"2023-12-16","GROUPS":[1204]},{"ID_AUD":1025,"ID_DIV":6,"ID_SHED":2,"ID_DISC":65,"ID_STUD":2,"ID_TEACH":5050,"NUM_PAIR":5,"DATE_PAIR":"2023-12-12","GROUPS":[1206]},{"ID_AUD":1010,"ID_DIV":6,"ID_SHED":2,"ID_DISC":66,"ID_STUD":2,"ID_TEACH":5050,"NUM_PAIR":3,"DATE_PAIR":"2023-12-12","GROUPS":[1206]},{"ID_AUD":1030,"ID_DIV":6,"ID_SHED":2,"ID_DISC":67,"ID_STUD":2,"ID_TEACH":5050,"NUM_PAIR":2,"DATE_PAIR":"2023-12-15","GROUPS":[1207]},{"ID_AUD":1009,"ID_DIV":6,"ID_SHED":2,"ID_DISC":68,"ID_STUD":2,"ID_TEACH":5050,"NUM_PAIR":2,"DATE_PAIR":"2023-12-16","GROUPS":[1207]},{"ID_AUD":1003,"ID_DIV":6,"ID_SHED":2,"ID_DISC":69,"ID_STUD":2,"ID_TEACH":5051,"NUM_PAIR":6,"DATE_PAIR":"2023-12-13","GROUPS":[1208]},{"ID_AUD":1009,"ID_DIV":6,"ID_SHED":2,"ID_DISC":70,"ID_STUD":2,"ID_TEACH":5051,"NUM_PAIR":5,"DATE_PAIR":"2023-12-14","GROUPS":[1208]},{"ID_AUD":1005,"ID_DIV":6,"ID_SHED":2,"ID_DISC":71,"ID_STUD":2,"ID_TEACH":5051,"NUM_PAIR":4,"DATE_PAIR":"2023-12-13","GROUPS":[1209]},{"ID_AUD":1005,"ID_DIV":6,"ID_SHED":2,"ID_DISC":72,"ID_STUD":2,"ID_TEACH":5051,"NUM_PAIR":6,"DATE_PAIR":"2023-12-15","GROUPS":[1209]},{"ID_AUD":1025,"ID_DIV":6,"ID_SHED":2,"ID_DISC":73,"ID_STUD":1,"ID_TEACH":3333,"NUM_PAIR":5,"DATE_PAIR":"2023-12-13","GROUPS":[1227]},{"ID_AUD":1003,"ID_DIV":6,"ID_SHED":2,"ID_DISC":74,"ID_STUD":1,"ID_TEACH":3333,"NUM_PAIR":2,"DATE_PAIR":"2023-12-15","GROUPS":[1228]},{"ID_AUD":1003,"ID_DIV":6,"ID_SHED":2,"ID_DISC":75,"ID_STUD":1,"ID_TEACH":3333,"NUM_PAIR":3,"DATE_PAIR":"2023-12-13","GROUPS":[1229]},{"ID_AUD":1030,"ID_DIV":6,"ID_SHED":2,"ID_DISC":76,"ID_STUD":1,"ID_TEACH":3333,"NUM_PAIR":5,"DATE_PAIR":"2023-12-14","GROUPS":[1230]},{"ID_AUD":1003,"ID_DIV":6,"ID_SHED":2,"ID_DISC":77,"ID_STUD":1,"ID_TEACH":3333,"NUM_PAIR":4,"DATE_PAIR":"2023-12-14","GROUPS":[1231]},{"ID_AUD":1002,"ID_DIV":6,"ID_SHED":2,"ID_DISC":78,"ID_STUD":1,"ID_TEACH":3333,"NUM_PAIR":2,"DATE_PAIR":"2023-12-13","GROUPS":[1232]},{"ID_AUD":1025,"ID_DIV":6,"ID_SHED":2,"ID_DISC":79,"ID_STUD":1,"ID_TEACH":3737,"NUM_PAIR":2,"DATE_PAIR":"2023-12-12","GROUPS":[1248]},{"ID_AUD":1009,"ID_DIV":6,"ID_SHED":2,"ID_DISC":80,"ID_STUD":2,"ID_TEACH":3333,"NUM_PAIR":3,"DATE_PAIR":"2023-12-15","GROUPS":[1248]},{"ID_AUD":1002,"ID_DIV":6,"ID_SHED":2,"ID_DISC":81,"ID_STUD":2,"ID_TEACH":3539,"NUM_PAIR":6,"DATE_PAIR":"2023-12-14","GROUPS":[1191]},{"ID_AUD":1030,"ID_DIV":6,"ID_SHED":2,"ID_DISC":82,"ID_STUD":2,"ID_TEACH":3539,"NUM_PAIR":5,"DATE_PAIR":"2023-12-13","GROUPS":[1191]},{"ID_AUD":1005,"ID_DIV":6,"ID_SHED":2,"ID_DISC":83,"ID_STUD":2,"ID_TEACH":5044,"NUM_PAIR":6,"DATE_PAIR":"2023-12-13","GROUPS":[1192]},{"ID_AUD":1030,"ID_DIV":6,"ID_SHED":2,"ID_DISC":84,"ID_STUD":2,"ID_TEACH":5044,"NUM_PAIR":1,"DATE_PAIR":"2023-12-13","GROUPS":[1192]},{"ID_AUD":1003,"ID_DIV":6,"ID_SHED":2,"ID_DISC":85,"ID_STUD":2,"ID_TEACH":3539,"NUM_PAIR":5,"DATE_PAIR":"2023-12-15","GROUPS":[1193]},{"ID_AUD":1003,"ID_DIV":6,"ID_SHED":2,"ID_DISC":86,"ID_STUD":2,"ID_TEACH":3539,"NUM_PAIR":1,"DATE_PAIR":"2023-12-12","GROUPS":[1193]},{"ID_AUD":1005,"ID_DIV":6,"ID_SHED":2,"ID_DISC":87,"ID_STUD":2,"ID_TEACH":5043,"NUM_PAIR":2,"DATE_PAIR":"2023-12-12","GROUPS":[1189]},{"ID_AUD":1007,"ID_DIV":6,"ID_SHED":2,"ID_DISC":88,"ID_STUD":2,"ID_TEACH":5043,"NUM_PAIR":6,"DATE_PAIR":"2023-12-16","GROUPS":[1189]},{"ID_AUD":1007,"ID_DIV":6,"ID_SHED":2,"ID_DISC":89,"ID_STUD":2,"ID_TEACH":3737,"NUM_PAIR":6,"DATE_PAIR":"2023-12-13","GROUPS":[1190]},{"ID_AUD":1009,"ID_DIV":6,"ID_SHED":2,"ID_DISC":90,"ID_STUD":2,"ID_TEACH":3737,"NUM_PAIR":6,"DATE_PAIR":"2023-12-16","GROUPS":[1190]},{"ID_AUD":1030,"ID_DIV":6,"ID_SHED":2,"ID_DISC":91,"ID_STUD":2,"ID_TEACH":5042,"NUM_PAIR":4,"DATE_PAIR":"2023-12-14","GROUPS":[1195]},{"ID_AUD":1030,"ID_DIV":6,"ID_SHED":2,"ID_DISC":92,"ID_STUD":2,"ID_TEACH":5042,"NUM_PAIR":5,"DATE_PAIR":"2023-12-16","GROUPS":[1195]},{"ID_AUD":1002,"ID_DIV":6,"ID_SHED":2,"ID_DISC":93,"ID_STUD":2,"ID_TEACH":5043,"NUM_PAIR":2,"DATE_PAIR":"2023-12-16","GROUPS":[1196]},{"ID_AUD":1002,"ID_DIV":6,"ID_SHED":2,"ID_DISC":94,"ID_STUD":2,"ID_TEACH":5043,"NUM_PAIR":6,"DATE_PAIR":"2023-12-15","GROUPS":[1196]},{"ID_AUD":1009,"ID_DIV":6,"ID_SHED":2,"ID_DISC":95,"ID_STUD":2,"ID_TEACH":5042,"NUM_PAIR":5,"DATE_PAIR":"2023-12-13","GROUPS":[1197]},{"ID_AUD":1003,"ID_DIV":6,"ID_SHED":2,"ID_DISC":96,"ID_STUD":2,"ID_TEACH":5042,"NUM_PAIR":6,"DATE_PAIR":"2023-12-12","GROUPS":[1197]},{"ID_AUD":1025,"ID_DIV":6,"ID_SHED":2,"ID_DISC":97,"ID_STUD":2,"ID_TEACH":3752,"NUM_PAIR":6,"DATE_PAIR":"2023-12-12","GROUPS":[1198]},{"ID_AUD":1030,"ID_DIV":6,"ID_SHED":2,"ID_DISC":98,"ID_STUD":2,"ID_TEACH":3752,"NUM_PAIR":2,"DATE_PAIR":"2023-12-16","GROUPS":[1198]},{"ID_AUD":1007,"ID_DIV":6,"ID_SHED":2,"ID_DISC":99,"ID_STUD":2,"ID_TEACH":3752,"NUM_PAIR":3,"DATE_PAIR":"2023-12-14","GROUPS":[1199]},{"ID_AUD":1002,"ID_DIV":6,"ID_SHED":2,"ID_DISC":100,"ID_STUD":2,"ID_TEACH":3752,"NUM_PAIR":3,"DATE_PAIR":"2023-12-13","GROUPS":[1199]},{"ID_AUD":1002,"ID_DIV":6,"ID_SHED":2,"ID_DISC":101,"ID_STUD":2,"ID_TEACH":3737,"NUM_PAIR":5,"DATE_PAIR":"2023-12-15","GROUPS":[1200]},{"ID_AUD":1002,"ID_DIV":6,"ID_SHED":2,"ID_DISC":102,"ID_STUD":2,"ID_TEACH":3737,"NUM_PAIR":4,"DATE_PAIR":"2023-12-15","GROUPS":[1200]},{"ID_AUD":1030,"ID_DIV":6,"ID_SHED":2,"ID_DISC":103,"ID_STUD":2,"ID_TEACH":3737,"NUM_PAIR":1,"DATE_PAIR":"2023-12-14","GROUPS":[1201]},{"ID_AUD":1007,"ID_DIV":6,"ID_SHED":2,"ID_DISC":104,"ID_STUD":2,"ID_TEACH":3737,"NUM_PAIR":3,"DATE_PAIR":"2023-12-13","GROUPS":[1201]},{"ID_AUD":1005,"ID_DIV":6,"ID_SHED":2,"ID_DISC":105,"ID_STUD":1,"ID_TEACH":3221,"NUM_PAIR":4,"DATE_PAIR":"2023-12-15","GROUPS":[1272]},{"ID_AUD":1007,"ID_DIV":6,"ID_SHED":2,"ID_DISC":106,"ID_STUD":1,"ID_TEACH":3221,"NUM_PAIR":3,"DATE_PAIR":"2023-12-15","GROUPS":[1272]},{"ID_AUD":1007,"ID_DIV":6,"ID_SHED":2,"ID_DISC":107,"ID_STUD":2,"ID_TEACH":5163,"NUM_PAIR":4,"DATE_PAIR":"2023-12-16","GROUPS":[1285]},{"ID_AUD":1002,"ID_DIV":6,"ID_SHED":2,"ID_DISC":108,"ID_STUD":2,"ID_TEACH":5163,"NUM_PAIR":5,"DATE_PAIR":"2023-12-14","GROUPS":[1285]},{"ID_AUD":1009,"ID_DIV":6,"ID_SHED":2,"ID_DISC":109,"ID_STUD":2,"ID_TEACH":5161,"NUM_PAIR":3,"DATE_PAIR":"2023-12-13","GROUPS":[1286]},{"ID_AUD":1007,"ID_DIV":6,"ID_SHED":2,"ID_DISC":110,"ID_STUD":2,"ID_TEACH":5161,"NUM_PAIR":2,"DATE_PAIR":"2023-12-15","GROUPS":[1286]},{"ID_AUD":1005,"ID_DIV":6,"ID_SHED":2,"ID_DISC":111,"ID_STUD":2,"ID_TEACH":5160,"NUM_PAIR":6,"DATE_PAIR":"2023-12-12","GROUPS":[1287]},{"ID_AUD":1005,"ID_DIV":6,"ID_SHED":2,"ID_DISC":112,"ID_STUD":2,"ID_TEACH":5160,"NUM_PAIR":3,"DATE_PAIR":"2023-12-16","GROUPS":[1287]},{"ID_AUD":1025,"ID_DIV":6,"ID_SHED":2,"ID_DISC":113,"ID_STUD":2,"ID_TEACH":5162,"NUM_PAIR":2,"DATE_PAIR":"2023-12-13","GROUPS":[1288]},{"ID_AUD":1007,"ID_DIV":6,"ID_SHED":2,"ID_DISC":114,"ID_STUD":2,"ID_TEACH":5162,"NUM_PAIR":1,"DATE_PAIR":"2023-12-14","GROUPS":[1288]},{"ID_AUD":1002,"ID_DIV":6,"ID_SHED":2,"ID_DISC":115,"ID_STUD":2,"ID_TEACH":5160,"NUM_PAIR":6,"DATE_PAIR":"2023-12-16","GROUPS":[1289]},{"ID_AUD":1010,"ID_DIV":6,"ID_SHED":2,"ID_DISC":116,"ID_STUD":2,"ID_TEACH":5160,"NUM_PAIR":2,"DATE_PAIR":"2023-12-15","GROUPS":[1289]},{"ID_AUD":1010,"ID_DIV":6,"ID_SHED":2,"ID_DISC":117,"ID_STUD":2,"ID_TEACH":5160,"NUM_PAIR":2,"DATE_PAIR":"2023-12-13","GROUPS":[1317]},{"ID_AUD":1010,"ID_DIV":6,"ID_SHED":2,"ID_DISC":118,"ID_STUD":2,"ID_TEACH":5160,"NUM_PAIR":5,"DATE_PAIR":"2023-12-14","GROUPS":[1317]},{"ID_AUD":1009,"ID_DIV":6,"ID_SHED":2,"ID_DISC":119,"ID_STUD":2,"ID_TEACH":3333,"NUM_PAIR":2,"DATE_PAIR":"2023-12-12","GROUPS":[1275]},{"ID_AUD":1002,"ID_DIV":6,"ID_SHED":2,"ID_DISC":120,"ID_STUD":2,"ID_TEACH":3333,"NUM_PAIR":3,"DATE_PAIR":"2023-12-14","GROUPS":[1276]},{"ID_AUD":1009,"ID_DIV":6,"ID_SHED":2,"ID_DISC":121,"ID_STUD":2,"ID_TEACH":3333,"NUM_PAIR":4,"DATE_PAIR":"2023-12-15","GROUPS":[1277]},{"ID_AUD":1010,"ID_DIV":6,"ID_SHED":2,"ID_DISC":122,"ID_STUD":2,"ID_TEACH":3333,"NUM_PAIR":5,"DATE_PAIR":"2023-12-12","GROUPS":[1278]},{"ID_AUD":1003,"ID_DIV":6,"ID_SHED":2,"ID_DISC":123,"ID_STUD":1,"ID_TEACH":5052,"NUM_PAIR":1,"DATE_PAIR":"2023-12-13","GROUPS":[1306]},{"ID_AUD":1003,"ID_DIV":6,"ID_SHED":2,"ID_DISC":124,"ID_STUD":1,"ID_TEACH":5052,"NUM_PAIR":5,"DATE_PAIR":"2023-12-14","GROUPS":[1306]},{"ID_AUD":1003,"ID_DIV":6,"ID_SHED":2,"ID_DISC":125,"ID_STUD":1,"ID_TEACH":5052,"NUM_PAIR":6,"DATE_PAIR":"2023-12-14","GROUPS":[1307]},{"ID_AUD":1003,"ID_DIV":6,"ID_SHED":2,"ID_DISC":126,"ID_STUD":1,"ID_TEACH":5052,"NUM_PAIR":3,"DATE_PAIR":"2023-12-16","GROUPS":[1307]},{"ID_AUD":1005,"ID_DIV":6,"ID_SHED":2,"ID_DISC":127,"ID_STUD":2,"ID_TEACH":3727,"NUM_PAIR":3,"DATE_PAIR":"2023-12-13","GROUPS":[1257]},{"ID_AUD":1005,"ID_DIV":6,"ID_SHED":2,"ID_DISC":128,"ID_STUD":2,"ID_TEACH":3727,"NUM_PAIR":2,"DATE_PAIR":"2023-12-13","GROUPS":[1257]},{"ID_AUD":1002,"ID_DIV":6,"ID_SHED":2,"ID_DISC":129,"ID_STUD":1,"ID_TEACH":3727,"NUM_PAIR":2,"DATE_PAIR":"2023-12-12","GROUPS":[1257]},{"ID_AUD":1005,"ID_DIV":6,"ID_SHED":2,"ID_DISC":130,"ID_STUD":1,"ID_TEACH":3727,"NUM_PAIR":1,"DATE_PAIR":"2023-12-13","GROUPS":[1257]},{"ID_AUD":1030,"ID_DIV":6,"ID_SHED":2,"ID_DISC":131,"ID_STUD":2,"ID_TEACH":5063,"NUM_PAIR":3,"DATE_PAIR":"2023-12-16","GROUPS":[1258]},{"ID_AUD":1007,"ID_DIV":6,"ID_SHED":2,"ID_DISC":132,"ID_STUD":2,"ID_TEACH":5063,"NUM_PAIR":2,"DATE_PAIR":"2023-12-16","GROUPS":[1258]},{"ID_AUD":1005,"ID_DIV":6,"ID_SHED":2,"ID_DISC":133,"ID_STUD":1,"ID_TEACH":5063,"NUM_PAIR":5,"DATE_PAIR":"2023-12-13","GROUPS":[1258]},{"ID_AUD":1010,"ID_DIV":6,"ID_SHED":2,"ID_DISC":134,"ID_STUD":1,"ID_TEACH":5063,"NUM_PAIR":3,"DATE_PAIR":"2023-12-14","GROUPS":[1258]},{"ID_AUD":1007,"ID_DIV":6,"ID_SHED":2,"ID_DISC":135,"ID_STUD":2,"ID_TEACH":3753,"NUM_PAIR":3,"DATE_PAIR":"2023-12-16","GROUPS":[1255]},{"ID_AUD":1003,"ID_DIV":6,"ID_SHED":2,"ID_DISC":136,"ID_STUD":2,"ID_TEACH":3753,"NUM_PAIR":3,"DATE_PAIR":"2023-12-14","GROUPS":[1255]},{"ID_AUD":1003,"ID_DIV":6,"ID_SHED":2,"ID_DISC":137,"ID_STUD":1,"ID_TEACH":3753,"NUM_PAIR":2,"DATE_PAIR":"2023-12-13","GROUPS":[1255]},{"ID_AUD":1030,"ID_DIV":6,"ID_SHED":2,"ID_DISC":138,"ID_STUD":1,"ID_TEACH":3753,"NUM_PAIR":3,"DATE_PAIR":"2023-12-13","GROUPS":[1255]},{"ID_AUD":1010,"ID_DIV":6,"ID_SHED":2,"ID_DISC":139,"ID_STUD":2,"ID_TEACH":5060,"NUM_PAIR":4,"DATE_PAIR":"2023-12-14","GROUPS":[1273]},{"ID_AUD":1007,"ID_DIV":6,"ID_SHED":2,"ID_DISC":140,"ID_STUD":2,"ID_TEACH":5060,"NUM_PAIR":4,"DATE_PAIR":"2023-12-13","GROUPS":[1273]},{"ID_AUD":1010,"ID_DIV":6,"ID_SHED":2,"ID_DISC":141,"ID_STUD":2,"ID_TEACH":5060,"NUM_PAIR":5,"DATE_PAIR":"2023-12-13","GROUPS":[1274]},{"ID_AUD":1025,"ID_DIV":6,"ID_SHED":2,"ID_DISC":142,"ID_STUD":2,"ID_TEACH":5060,"NUM_PAIR":6,"DATE_PAIR":"2023-12-13","GROUPS":[1274]},{"ID_AUD":1009,"ID_DIV":6,"ID_SHED":2,"ID_DISC":143,"ID_STUD":1,"ID_TEACH":5064,"NUM_PAIR":1,"DATE_PAIR":"2023-12-16","GROUPS":[1259]},{"ID_AUD":1009,"ID_DIV":6,"ID_SHED":2,"ID_DISC":144,"ID_STUD":1,"ID_TEACH":5064,"NUM_PAIR":3,"DATE_PAIR":"2023-12-12","GROUPS":[1259]},{"ID_AUD":1005,"ID_DIV":6,"ID_SHED":2,"ID_DISC":145,"ID_STUD":2,"ID_TEACH":5064,"NUM_PAIR":2,"DATE_PAIR":"2023-12-14","GROUPS":[1259]},{"ID_AUD":1010,"ID_DIV":6,"ID_SHED":2,"ID_DISC":146,"ID_STUD":2,"ID_TEACH":5064,"NUM_PAIR":6,"DATE_PAIR":"2023-12-12","GROUPS":[1259]},{"ID_AUD":1010,"ID_DIV":6,"ID_SHED":2,"ID_DISC":147,"ID_STUD":2,"ID_TEACH":5061,"NUM_PAIR":6,"DATE_PAIR":"2023-12-14","GROUPS":[1300]},{"ID_AUD":1007,"ID_DIV":6,"ID_SHED":2,"ID_DISC":148,"ID_STUD":2,"ID_TEACH":5061,"NUM_PAIR":3,"DATE_PAIR":"2023-12-12","GROUPS":[1300]},{"ID_AUD":1030,"ID_DIV":6,"ID_SHED":2,"ID_DISC":149,"ID_STUD":2,"ID_TEACH":2371,"NUM_PAIR":1,"DATE_PAIR":"2023-12-12","GROUPS":[1301]},{"ID_AUD":1007,"ID_DIV":6,"ID_SHED":2,"ID_DISC":150,"ID_STUD":2,"ID_TEACH":2371,"NUM_PAIR":4,"DATE_PAIR":"2023-12-14","GROUPS":[1301]},{"ID_AUD":1025,"ID_DIV":6,"ID_SHED":2,"ID_DISC":151,"ID_STUD":2,"ID_TEACH":5059,"NUM_PAIR":4,"DATE_PAIR":"2023-12-14","GROUPS":[1302]},{"ID_AUD":1025,"ID_DIV":6,"ID_SHED":2,"ID_DISC":152,"ID_STUD":2,"ID_TEACH":5059,"NUM_PAIR":4,"DATE_PAIR":"2023-12-13","GROUPS":[1302]},{"ID_AUD":1002,"ID_DIV":6,"ID_SHED":2,"ID_DISC":153,"ID_STUD":1,"ID_TEACH":5060,"NUM_PAIR":1,"DATE_PAIR":"2023-12-14","GROUPS":[1366]},{"ID_AUD":1003,"ID_DIV":6,"ID_SHED":2,"ID_DISC":154,"ID_STUD":1,"ID_TEACH":5060,"NUM_PAIR":6,"DATE_PAIR":"2023-12-15","GROUPS":[1366]},{"ID_AUD":1002,"ID_DIV":6,"ID_SHED":2,"ID_DISC":155,"ID_STUD":1,"ID_TEACH":4001,"NUM_PAIR":3,"DATE_PAIR":"2023-12-16","GROUPS":[1290]},{"ID_AUD":1030,"ID_DIV":6,"ID_SHED":2,"ID_DISC":156,"ID_STUD":1,"ID_TEACH":4001,"NUM_PAIR":3,"DATE_PAIR":"2023-12-12","GROUPS":[1290]},{"ID_AUD":1003,"ID_DIV":6,"ID_SHED":2,"ID_DISC":157,"ID_STUD":2,"ID_TEACH":4001,"NUM_PAIR":3,"DATE_PAIR":"2023-12-15","GROUPS":[1368]},{"ID_AUD":1030,"ID_DIV":6,"ID_SHED":2,"ID_DISC":158,"ID_STUD":2,"ID_TEACH":4001,"NUM_PAIR":5,"DATE_PAIR":"2023-12-12","GROUPS":[1368]},{"ID_AUD":1010,"ID_DIV":6,"ID_SHED":2,"ID_DISC":159,"ID_STUD":1,"ID_TEACH":4001,"NUM_PAIR":2,"DATE_PAIR":"2023-12-14","GROUPS":[1262]},{"ID_AUD":1003,"ID_DIV":6,"ID_SHED":2,"ID_DISC":160,"ID_STUD":1,"ID_TEACH":4001,"NUM_PAIR":4,"DATE_PAIR":"2023-12-16","GROUPS":[1262]},{"ID_AUD":1010,"ID_DIV":6,"ID_SHED":2,"ID_DISC":161,"ID_STUD":2,"ID_TEACH":4001,"NUM_PAIR":3,"DATE_PAIR":"2023-12-13","GROUPS":[1262]},{"ID_AUD":1009,"ID_DIV":6,"ID_SHED":2,"ID_DISC":162,"ID_STUD":2,"ID_TEACH":4001,"NUM_PAIR":3,"DATE_PAIR":"2023-12-14","GROUPS":[1262]},{"ID_AUD":1030,"ID_DIV":6,"ID_SHED":2,"ID_DISC":163,"ID_STUD":1,"ID_TEACH":5066,"NUM_PAIR":6,"DATE_PAIR":"2023-12-14","GROUPS":[1263]},{"ID_AUD":1025,"ID_DIV":6,"ID_SHED":2,"ID_DISC":164,"ID_STUD":1,"ID_TEACH":5066,"NUM_PAIR":2,"DATE_PAIR":"2023-12-16","GROUPS":[1263]},{"ID_AUD":1007,"ID_DIV":6,"ID_SHED":2,"ID_DISC":165,"ID_STUD":2,"ID_TEACH":5066,"NUM_PAIR":2,"DATE_PAIR":"2023-12-13","GROUPS":[1263]},{"ID_AUD":1005,"ID_DIV":6,"ID_SHED":2,"ID_DISC":166,"ID_STUD":2,"ID_TEACH":5066,"NUM_PAIR":5,"DATE_PAIR":"2023-12-14","GROUPS":[1263]},{"ID_AUD":1002,"ID_DIV":6,"ID_SHED":2,"ID_DISC":167,"ID_STUD":2,"ID_TEACH":3333,"NUM_PAIR":1,"DATE_PAIR":"2023-12-15","GROUPS":[1271]},{"ID_AUD":1010,"ID_DIV":6,"ID_SHED":2,"ID_DISC":168,"ID_STUD":1,"ID_TEACH":5210,"NUM_PAIR":4,"DATE_PAIR":"2023-12-13","GROUPS":[1132]},{"ID_AUD":1005,"ID_DIV":6,"ID_SHED":2,"ID_DISC":169,"ID_STUD":1,"ID_TEACH":5210,"NUM_PAIR":5,"DATE_PAIR":"2023-12-16","GROUPS":[1132]},{"ID_AUD":1030,"ID_DIV":6,"ID_SHED":2,"ID_DISC":170,"ID_STUD":2,"ID_TEACH":5210,"NUM_PAIR":4,"DATE_PAIR":"2023-12-12","GROUPS":[1132]},{"ID_AUD":1030,"ID_DIV":6,"ID_SHED":2,"ID_DISC":171,"ID_STUD":2,"ID_TEACH":5210,"NUM_PAIR":5,"DATE_PAIR":"2023-12-15","GROUPS":[1132]},{"ID_AUD":1010,"ID_DIV":6,"ID_SHED":2,"ID_DISC":172,"ID_STUD":1,"ID_TEACH":5067,"NUM_PAIR":4,"DATE_PAIR":"2023-12-15","GROUPS":[1309]},{"ID_AUD":1005,"ID_DIV":6,"ID_SHED":2,"ID_DISC":173,"ID_STUD":2,"ID_TEACH":5067,"NUM_PAIR":2,"DATE_PAIR":"2023-12-15","GROUPS":[1309]},{"ID_AUD":1002,"ID_DIV":6,"ID_SHED":2,"ID_DISC":174,"ID_STUD":2,"ID_TEACH":5214,"NUM_PAIR":1,"DATE_PAIR":"2023-12-13","GROUPS":[1315]},{"ID_AUD":1009,"ID_DIV":6,"ID_SHED":2,"ID_DISC":175,"ID_STUD":2,"ID_TEACH":5214,"NUM_PAIR":1,"DATE_PAIR":"2023-12-15","GROUPS":[1315]},{"ID_AUD":1003,"ID_DIV":6,"ID_SHED":2,"ID_DISC":176,"ID_STUD":2,"ID_TEACH":5214,"NUM_PAIR":6,"DATE_PAIR":"2023-12-16","GROUPS":[1315]}]